id,first_name,last_name,email,gender,ip_address
1,Jilly,Petranek,jpetranek0@mac.com,Female,197.225.4.94
2,Sterling,Bunney,sbunney1@europa.eu,Male,75.144.86.224
3,Diane-marie,Gear,dgear2@spiegel.de,Female,214.99.204.75
4,Cordelia,Ivanchikov,civanchikov3@ifeng.com,Bigender,253.250.202.230
5,Korry,Figures,kfigures4@examiner.com,Female,105.141.209.66
6,Spenser,Humphrey,shumphrey5@ebay.com,Male,162.14.32.16
7,Franny,Wyborn,fwyborn6@woothemes.com,Female,46.175.37.210
8,Hansiain,Rippen,hrippen7@com.com,Male,7.75.8.24
9,Valentine,Lau,vlau8@sina.com.cn,Bigender,10.182.12.173
10,Caitrin,Crompton,ccrompton9@etsy.com,Female,162.6.195.75
11,Sissy,De Cristofalo,sdecristofaloa@ning.com,Non-binary,223.107.209.129
12,Farlee,Delort,fdelortb@jigsy.com,Male,249.29.0.85
13,Eziechiele,Etty,eettyc@plala.or.jp,Male,167.162.208.192
14,Violante,Kingzet,vkingzetd@salon.com,Female,233.188.221.226
15,Katusha,Mulles,kmullese@guardian.co.uk,Female,150.51.181.158
16,Albertina,Grunwald,agrunwaldf@mlb.com,Female,86.210.159.201
17,Leonhard,Gouly,lgoulyg@cisco.com,Male,242.73.105.133
18,Ruthann,Ruston,rrustonh@1688.com,Female,255.97.213.169
19,Candra,Dunkley,cdunkleyi@qq.com,Female,253.202.10.179
20,Zebulon,Search,zsearchj@shinystat.com,Male,99.118.39.169
21,Lurleen,Dinzey,ldinzeyk@boston.com,Female,199.27.162.155
22,Virgil,Beed,vbeedl@mapy.cz,Male,16.98.129.54
23,Phip,Bownes,pbownesm@apple.com,Male,179.46.101.132
24,Terrell,Castellini,tcastellinin@wiley.com,Male,81.45.5.168
25,Adele,Andino,aandinoo@multiply.com,Female,183.35.71.123
26,Arda,Frostdyke,afrostdykep@usda.gov,Female,31.126.52.153
27,Raff,Rooper,rrooperq@opera.com,Male,185.12.218.177
28,Sissy,Cramer,scramerr@usgs.gov,Female,9.27.151.247
29,Gaspar,Guare,gguares@youtu.be,Male,232.149.236.130
30,Farrel,O'Scully,foscullyt@ycombinator.com,Male,44.218.14.58
31,Hugo,Skrines,hskrinesu@marketwatch.com,Male,53.116.47.250
32,Bastien,Iacomo,biacomov@github.io,Male,212.172.133.16
33,Staffard,Kindread,skindreadw@salon.com,Male,25.35.117.135
34,Merv,Kinsman,mkinsmanx@dailymotion.com,Male,130.250.107.50
35,Derril,Webby,dwebbyy@jimdo.com,Male,124.184.11.132
36,Jessamine,Ginnell,jginnellz@quantcast.com,Female,129.231.136.129
37,Karolina,Cristoferi,kcristoferi10@dropbox.com,Female,231.246.221.166
38,Goldarina,Luna,gluna11@wix.com,Female,135.179.35.190
39,Dru,Bottomley,dbottomley12@un.org,Female,79.35.240.198
40,Maura,Paulsson,mpaulsson13@scientificamerican.com,Female,41.24.184.166
41,Leyla,Elderbrant,lelderbrant14@amazon.de,Female,115.104.48.46
42,Rollo,Doncom,rdoncom15@harvard.edu,Male,122.83.166.69
43,Devina,Siemantel,dsiemantel16@wikipedia.org,Female,107.245.109.67
44,Codie,Buckner,cbuckner17@java.com,Female,243.21.172.71
45,Florence,Conechie,fconechie18@sbwire.com,Female,186.105.41.192
46,Orelle,Urien,ourien19@cisco.com,Female,125.103.68.69
47,Allyn,Volke,avolke1a@princeton.edu,Male,200.253.220.36
48,Nealy,McKerton,nmckerton1b@wiley.com,Bigender,16.212.147.107
49,Davey,Longstaff,dlongstaff1c@sogou.com,Male,30.110.129.44
50,Bren,Sprouls,bsprouls1d@pagesperso-orange.fr,Female,188.97.143.164
51,Gerianna,Campos,gcampos1e@reference.com,Female,61.251.138.213
52,Agnella,Hurl,ahurl1f@biblegateway.com,Female,255.173.114.229
53,Benni,Hellwig,bhellwig1g@bigcartel.com,Female,92.17.213.17
54,Pauli,Bayles,pbayles1h@qq.com,Female,154.194.70.127
55,Sula,Castanho,scastanho1i@mtv.com,Female,116.199.58.196
56,Sula,Dreghorn,sdreghorn1j@yelp.com,Female,177.119.62.100
57,Bertha,Dawidowsky,bdawidowsky1k@vk.com,Female,66.157.76.146
58,Adrianna,Petticrow,apetticrow1l@oaic.gov.au,Genderfluid,27.254.230.242
59,Ward,Callan,wcallan1m@gnu.org,Polygender,228.206.103.106
60,Sarge,Dunabie,sdunabie1n@about.me,Male,219.143.196.117
61,Roxine,Tourner,rtourner1o@un.org,Female,67.57.237.23
62,Ulberto,Crawford,ucrawford1p@blogger.com,Male,80.117.164.219
63,Aurlie,Oscroft,aoscroft1q@mediafire.com,Female,190.93.47.137
64,Cly,Petruszka,cpetruszka1r@shinystat.com,Male,41.212.9.210
65,Flossy,Ife,fife1s@trellian.com,Female,90.152.224.201
66,Vanny,Abbatucci,vabbatucci1t@hugedomains.com,Female,40.210.36.60
67,Jenna,Burleigh,jburleigh1u@rediff.com,Female,112.160.244.17
68,Felizio,Habbershon,fhabbershon1v@people.com.cn,Male,228.2.2.111
69,Casey,Algeo,calgeo1w@paypal.com,Female,168.88.126.109
70,Byram,Haddrell,bhaddrell1x@cnn.com,Male,221.172.70.79
71,Simeon,Dy,sdy1y@techcrunch.com,Male,136.121.236.122
72,Meryl,Cleaves,mcleaves1z@geocities.jp,Female,192.59.10.175
73,Aubrey,Margerison,amargerison20@japanpost.jp,Male,11.85.144.0
74,Annadiane,Michelet,amichelet21@de.vu,Female,53.14.142.120
75,Dalton,Hanford,dhanford22@nhs.uk,Male,145.142.205.124
76,Orelee,Le Fleming,olefleming23@amazon.de,Female,119.187.234.255
77,Catrina,Hendrichs,chendrichs24@dot.gov,Female,184.2.209.148
78,Tessi,Chaplyn,tchaplyn25@ehow.com,Female,192.47.108.255
79,Stephannie,Blunkett,sblunkett26@51.la,Female,172.159.174.192
80,Sybille,D'Aubney,sdaubney27@ucsd.edu,Female,96.62.216.244
81,Philly,Gueny,pgueny28@wikipedia.org,Female,252.249.32.67
82,Erasmus,Halladay,ehalladay29@sourceforge.net,Male,241.188.143.199
83,Bayard,Sillwood,bsillwood2a@desdev.cn,Male,241.92.37.189
84,Joane,Hurl,jhurl2b@merriam-webster.com,Female,244.85.33.146
85,Babette,Krinks,bkrinks2c@twitpic.com,Female,253.85.176.221
86,Sal,Cocher,scocher2d@nih.gov,Female,225.51.196.251
87,Amabel,Oggers,aoggers2e@cbslocal.com,Female,238.22.237.90
88,Viki,Amys,vamys2f@ca.gov,Female,245.127.200.187
89,Burlie,Yablsley,byablsley2g@salon.com,Male,28.57.144.89
90,Jana,Gorch,jgorch2h@qq.com,Female,200.80.248.32
91,Egon,Fannin,efannin2i@ebay.co.uk,Male,75.24.77.58
92,Nathanael,Rowes,nrowes2j@businessinsider.com,Male,91.34.34.165
93,Wyatt,Sturch,wsturch2k@ning.com,Male,247.159.32.248
94,Lynnett,Cicculini,lcicculini2l@t-online.de,Female,151.25.179.15
95,Clea,Cridlan,ccridlan2m@ihg.com,Female,30.128.190.43
96,Torrence,Mayling,tmayling2n@mozilla.com,Male,96.242.178.199
97,Judye,Cassella,jcassella2o@meetup.com,Female,25.225.219.100
98,Minne,Gasnell,mgasnell2p@home.pl,Female,61.35.77.148
99,Rosaleen,Glen,rglen2q@nature.com,Female,80.102.132.234
100,Ozzie,Geist,ogeist2r@theguardian.com,Male,148.123.123.172
101,Erroll,Weale,eweale2s@studiopress.com,Male,207.255.91.21
102,Tallie,Billany,tbillany2t@blogspot.com,Male,225.17.22.252
103,Darbee,Ravilious,dravilious2u@oaic.gov.au,Male,70.22.185.7
104,Celle,Ridings,cridings2v@cam.ac.uk,Female,226.146.206.167
105,Astra,Twydell,atwydell2w@booking.com,Female,63.131.188.26
106,Maribel,Rubinivitz,mrubinivitz2x@disqus.com,Female,149.88.77.152
107,Nicki,Tommasuzzi,ntommasuzzi2y@cafepress.com,Female,225.199.12.46
108,Gilli,Braven,gbraven2z@si.edu,Female,132.17.60.53
109,Mayer,Aleksandrov,maleksandrov30@zimbio.com,Male,150.73.118.71
110,Hirsch,Haddleston,hhaddleston31@china.com.cn,Male,142.229.251.97
111,Lazare,Skeates,lskeates32@nyu.edu,Male,244.8.117.213
112,Felike,Lynskey,flynskey33@behance.net,Male,15.247.243.237
113,Armstrong,Taplow,ataplow34@prnewswire.com,Male,244.247.141.157
114,Harley,Spancock,hspancock35@about.com,Male,148.31.251.45
115,Eryn,Allridge,eallridge36@livejournal.com,Female,140.202.152.38
116,Amil,Washbrook,awashbrook37@utexas.edu,Female,203.184.226.225
117,Erhard,Smallwood,esmallwood38@go.com,Male,201.175.6.55
118,Templeton,Jewise,tjewise39@usatoday.com,Male,86.22.109.140
119,See,Grzelewski,sgrzelewski3a@51.la,Male,216.63.53.172
120,Genevra,Spaule,gspaule3b@exblog.jp,Female,169.179.90.227
121,Markus,Roath,mroath3c@google.com,Male,21.184.197.81
122,Lynnette,Dalgarno,ldalgarno3d@china.com.cn,Female,128.196.160.122
123,Ernesto,Lancastle,elancastle3e@godaddy.com,Genderfluid,16.152.230.108
124,Egan,Libbis,elibbis3f@sciencedirect.com,Male,103.252.156.241
125,Abie,Littler,alittler3g@facebook.com,Male,143.130.144.90
126,Dita,Dimberline,ddimberline3h@blog.com,Female,187.158.167.16
127,Lawry,Carter,lcarter3i@quantcast.com,Male,88.43.197.83
128,Shari,Petett,spetett3j@dion.ne.jp,Agender,93.143.111.102
129,Aristotle,Sandiland,asandiland3k@xinhuanet.com,Male,232.131.243.210
130,Cynthia,Divell,cdivell3l@xrea.com,Female,254.225.51.116
131,Jarrod,Attyeo,jattyeo3m@posterous.com,Male,237.247.64.62
132,Meredith,Lusher,mlusher3n@globo.com,Male,78.80.40.157
133,Woodrow,Giotto,wgiotto3o@constantcontact.com,Male,153.33.109.109
134,Oswald,Frede,ofrede3p@slate.com,Male,8.170.119.222
135,Carolan,Burnup,cburnup3q@4shared.com,Female,218.35.91.244
136,Dorolice,Westrope,dwestrope3r@harvard.edu,Female,201.143.143.161
137,Griffith,Ducastel,gducastel3s@utexas.edu,Male,104.230.58.253
138,Lorelle,Iacovo,liacovo3t@paginegialle.it,Female,120.237.29.40
139,Leia,Jefferd,ljefferd3u@youtube.com,Female,103.243.193.186
140,Shawn,Trudgian,strudgian3v@jugem.jp,Male,115.78.24.35
141,Em,Drife,edrife3w@ovh.net,Female,44.123.232.255
142,Aldin,Duchant,aduchant3x@fotki.com,Male,229.88.243.138
143,Broddy,Huck,bhuck3y@qq.com,Male,17.210.213.229
144,Buiron,Lockless,blockless3z@census.gov,Non-binary,130.102.173.174
145,Toiboid,Croose,tcroose40@washingtonpost.com,Male,140.44.5.118
146,Darcy,Barhems,dbarhems41@fastcompany.com,Male,100.47.255.144
147,Dulcinea,de Courcey,ddecourcey42@springer.com,Genderqueer,155.73.208.193
148,Valentijn,Parfitt,vparfitt43@nsw.gov.au,Male,67.115.244.87
149,Desi,Stopps,dstopps44@mail.ru,Male,154.154.74.88
150,Justina,Biswell,jbiswell45@google.com.au,Female,78.208.230.162
151,Dene,Domeney,ddomeney46@people.com.cn,Male,120.239.36.6
152,Claudia,Goward,cgoward47@nytimes.com,Female,213.147.124.28
153,Charmion,Stennet,cstennet48@google.co.jp,Female,39.116.191.236
154,Giorgia,Coathup,gcoathup49@feedburner.com,Female,24.238.79.217
155,Alysia,Liddle,aliddle4a@ocn.ne.jp,Female,136.194.226.94
156,Kirsti,O'Deoran,kodeoran4b@ucla.edu,Female,10.148.11.216
157,Mariellen,Jury,mjury4c@cafepress.com,Female,105.3.216.86
158,Worth,Squibb,wsquibb4d@dailymail.co.uk,Male,94.226.62.36
159,Clio,Temperton,ctemperton4e@wikipedia.org,Female,46.122.142.143
160,Rossie,Darrigoe,rdarrigoe4f@vistaprint.com,Male,86.89.138.32
161,Trixi,Zmitrichenko,tzmitrichenko4g@wired.com,Female,122.160.174.196
162,Blinni,Chilcotte,bchilcotte4h@meetup.com,Female,244.147.122.144
163,Clint,Bearman,cbearman4i@printfriendly.com,Male,228.197.129.45
164,Stacie,Purveys,spurveys4j@nifty.com,Female,160.223.134.68
165,Regina,Marlen,rmarlen4k@bloglines.com,Female,35.106.243.178
166,Florinda,Sneezem,fsneezem4l@thetimes.co.uk,Female,103.103.70.252
167,Dory,Retchford,dretchford4m@narod.ru,Male,126.99.233.21
168,Wendall,Maplethorp,wmaplethorp4n@uiuc.edu,Male,109.196.111.82
169,Drusy,Keene,dkeene4o@google.com,Female,33.104.3.232
170,Gavra,Taggart,gtaggart4p@earthlink.net,Female,190.113.32.75
171,Marje,Koenraad,mkoenraad4q@bravesites.com,Female,180.181.35.236
172,Corrina,Bardwell,cbardwell4r@narod.ru,Female,92.158.3.92
173,Ancell,Smees,asmees4s@friendfeed.com,Male,216.205.250.233
174,Sumner,Thomtson,sthomtson4t@creativecommons.org,Male,144.231.105.197
175,Augustus,De Lisle,adelisle4u@a8.net,Male,126.186.210.116
176,Mellie,Dalman,mdalman4v@sphinn.com,Female,252.189.117.42
177,Derron,Queyeiro,dqueyeiro4w@cdc.gov,Male,230.117.211.19
178,Lita,Khosa,lkhosa4x@simplemachines.org,Female,30.89.53.87
179,Kalil,Laphorn,klaphorn4y@yellowbook.com,Bigender,93.9.68.193
180,Tamera,Domoney,tdomoney4z@dagondesign.com,Female,143.168.161.178
181,Faith,Besantie,fbesantie50@chron.com,Female,71.165.148.210
182,Eldon,Sutterfield,esutterfield51@seattletimes.com,Male,179.102.97.234
183,Mikaela,Cromer,mcromer52@independent.co.uk,Female,51.123.157.98
184,Klara,Gerwood,kgerwood53@microsoft.com,Female,243.35.0.69
185,Carley,Weaver,cweaver54@cafepress.com,Female,7.74.234.62
186,Bentley,Fattorini,bfattorini55@51.la,Male,7.205.28.226
187,Jaquelyn,Gaughan,jgaughan56@cnbc.com,Female,153.253.202.155
188,Kat,Kyttor,kkyttor57@aol.com,Female,232.198.226.12
189,Sella,Heinrich,sheinrich58@ocn.ne.jp,Female,120.143.246.99
190,Ham,Poytres,hpoytres59@businessinsider.com,Male,19.178.133.237
191,Carny,Bampton,cbampton5a@huffingtonpost.com,Genderqueer,51.134.90.163
192,Helaina,Filshin,hfilshin5b@unicef.org,Female,187.154.91.143
193,Cathe,Wiles,cwiles5c@geocities.jp,Female,54.42.27.224
194,Emmy,MacGeaney,emacgeaney5d@webeden.co.uk,Female,0.225.99.3
195,Judi,Strachan,jstrachan5e@wufoo.com,Female,113.240.150.166
196,Ermentrude,Snoding,esnoding5f@shinystat.com,Female,20.231.93.8
197,Dacie,Sprowell,dsprowell5g@mozilla.org,Female,56.48.146.236
198,Dev,Hogbourne,dhogbourne5h@topsy.com,Male,253.65.220.96
199,Lea,Bofield,lbofield5i@ifeng.com,Female,102.141.246.186
200,Hardy,Tantum,htantum5j@over-blog.com,Male,182.115.208.15
201,Keefe,Ponceford,kponceford5k@zdnet.com,Male,209.207.67.80
202,Franciska,Hobbert,fhobbert5l@flavors.me,Female,160.161.9.78
203,Aldwin,Hassell,ahassell5m@google.com.br,Male,130.49.19.28
204,Dotty,Johansen,djohansen5n@seattletimes.com,Female,39.146.214.34
205,Hamil,Foard,hfoard5o@soundcloud.com,Male,62.186.185.59
206,Ameline,Strain,astrain5p@businessweek.com,Female,159.64.232.4
207,Cathe,Matteoli,cmatteoli5q@prnewswire.com,Female,115.251.180.201
208,Matthew,Dulwich,mdulwich5r@example.com,Male,210.235.209.231
209,Ernesta,Headon,eheadon5s@discuz.net,Female,192.78.150.169
210,Rory,Bosden,rbosden5t@mozilla.org,Female,32.158.112.1
211,Page,Napoli,pnapoli5u@loc.gov,Male,38.149.148.224
212,Bobbie,Hinks,bhinks5v@sphinn.com,Female,83.47.116.217
213,Jimmie,Hart,jhart5w@reverbnation.com,Male,62.106.197.203
214,Tracy,Prall,tprall5x@issuu.com,Male,190.20.22.206
215,Olly,Oliveto,ooliveto5y@istockphoto.com,Genderqueer,134.237.242.250
216,Gregory,Joan,gjoan5z@geocities.jp,Male,243.143.164.71
217,Anthiathia,Summerscales,asummerscales60@slashdot.org,Female,116.149.225.93
218,Cathy,Lemoir,clemoir61@bloomberg.com,Female,189.185.137.135
219,Erinn,Osboldstone,eosboldstone62@businesswire.com,Female,208.229.242.89
220,Elbert,Theyer,etheyer63@pcworld.com,Non-binary,178.20.9.50
221,Ofilia,Orro,oorro64@e-recht24.de,Female,145.80.217.179
222,Mollie,Cottill,mcottill65@github.com,Female,51.41.16.114
223,Fin,Guerin,fguerin66@baidu.com,Genderqueer,147.86.112.60
224,Kelly,Horbath,khorbath67@jugem.jp,Bigender,135.119.222.120
225,Barret,Gyorgy,bgyorgy68@paginegialle.it,Male,156.84.244.59
226,Harry,Saull,hsaull69@tuttocitta.it,Male,122.183.159.159
227,Bernie,Shard,bshard6a@topsy.com,Female,242.239.135.106
228,Elia,Pipes,epipes6b@goo.ne.jp,Male,51.92.28.39
229,Sollie,Moakler,smoakler6c@typepad.com,Male,22.202.161.50
230,Marisa,Rogan,mrogan6d@nyu.edu,Female,239.207.174.57
231,Othello,Orteau,oorteau6e@360.cn,Male,130.229.154.24
232,Marcia,Bartram,mbartram6f@linkedin.com,Female,207.160.126.246
233,Weylin,Skittrall,wskittrall6g@tuttocitta.it,Male,120.190.176.30
234,Adams,Martusov,amartusov6h@foxnews.com,Male,19.89.68.48
235,Cassey,Heitz,cheitz6i@lulu.com,Female,136.154.202.136
236,Hynda,Flewan,hflewan6j@yahoo.co.jp,Female,133.221.78.150
237,Sharla,Sinkins,ssinkins6k@skyrock.com,Female,160.98.238.166
238,Chaddie,Lamprey,clamprey6l@mozilla.org,Male,25.68.23.102
239,Georgeta,Saphin,gsaphin6m@accuweather.com,Genderqueer,204.234.54.58
240,Jessalin,Hansemann,jhansemann6n@t.co,Female,147.159.57.190
241,Leelah,Purrington,lpurrington6o@youku.com,Female,37.249.88.91
242,Minna,Sly,msly6p@youtube.com,Female,104.31.192.84
243,Gennifer,Szimon,gszimon6q@wix.com,Female,63.163.214.100
244,Adams,Ubank,aubank6r@blogger.com,Male,85.211.69.26
245,Bert,Sartin,bsartin6s@mediafire.com,Male,4.170.144.247
246,Amalie,MacPeice,amacpeice6t@sbwire.com,Female,130.34.124.25
247,Verine,Blaxall,vblaxall6u@reverbnation.com,Female,27.95.3.43
248,Chad,Dory,cdory6v@blog.com,Male,231.218.222.58
249,Ozzy,Simoneau,osimoneau6w@godaddy.com,Male,191.223.119.234
250,Anatol,Rollings,arollings6x@goodreads.com,Male,237.191.205.91
251,Nettie,Spenley,nspenley6y@nhs.uk,Female,121.123.28.176
252,Sansone,Waggitt,swaggitt6z@weibo.com,Male,192.174.225.32
253,Fan,Champneys,fchampneys70@yahoo.co.jp,Female,182.5.10.116
254,Meridith,Jobey,mjobey71@prweb.com,Female,208.174.134.65
255,Glendon,Seamarke,gseamarke72@ehow.com,Male,69.38.65.72
256,Barrett,Bird,bbird73@gravatar.com,Male,40.50.174.121
257,Siward,Baxster,sbaxster74@pinterest.com,Male,45.8.163.191
258,Pedro,Ashman,pashman75@utexas.edu,Male,171.145.158.168
259,Travers,Wickardt,twickardt76@freewebs.com,Male,56.204.144.68
260,Petronilla,Nemchinov,pnemchinov77@rediff.com,Female,115.102.173.236
261,Fionnula,Battrick,fbattrick78@twitter.com,Female,20.247.189.215
262,Alisha,Tyson,atyson79@fda.gov,Female,251.234.80.23
263,Elane,Sergant,esergant7a@webmd.com,Female,208.76.215.105
264,Jaquelin,Kille,jkille7b@geocities.jp,Female,43.106.35.177
265,Giraldo,Medmore,gmedmore7c@odnoklassniki.ru,Male,30.254.238.104
266,Perkin,Conville,pconville7d@typepad.com,Male,15.162.64.214
267,Gwenette,Tookill,gtookill7e@ucsd.edu,Female,111.33.12.83
268,Thaddus,O'Grada,tograda7f@cargocollective.com,Male,159.243.88.213
269,Yorgo,Plumb,yplumb7g@marriott.com,Male,194.25.82.88
270,Susanna,Paolotto,spaolotto7h@t.co,Female,50.134.49.2
271,Urbanus,Warr,uwarr7i@apple.com,Male,90.37.163.204
272,Marianna,Axleby,maxleby7j@theguardian.com,Female,185.193.16.219
273,Ezra,Branwhite,ebranwhite7k@macromedia.com,Male,48.208.214.229
274,Christal,Dovydenas,cdovydenas7l@livejournal.com,Female,228.161.116.235
275,Hildegarde,Heartfield,hheartfield7m@seesaa.net,Female,73.46.163.184
276,Delmer,Dunphy,ddunphy7n@dell.com,Bigender,237.119.149.71
277,Bridget,Panketh,bpanketh7o@cafepress.com,Female,222.133.46.117
278,Edythe,Mangeot,emangeot7p@devhub.com,Female,121.25.3.103
279,Melisent,Broad,mbroad7q@theguardian.com,Female,88.19.101.15
280,Cristal,Ferrini,cferrini7r@npr.org,Female,14.36.46.41
281,Jilly,Marchington,jmarchington7s@cornell.edu,Female,194.140.4.128
282,Aurthur,Sabattier,asabattier7t@pcworld.com,Male,209.49.16.149
283,Winnifred,Cano,wcano7u@1und1.de,Female,67.241.63.42
284,Krystalle,Rosencwaig,krosencwaig7v@army.mil,Non-binary,48.41.68.151
285,Chris,Greening,cgreening7w@who.int,Male,144.206.33.161
286,Quint,Darrigrand,qdarrigrand7x@imgur.com,Male,173.242.154.35
287,Preston,Burdin,pburdin7y@flavors.me,Male,231.193.211.248
288,Charis,Sherbourne,csherbourne7z@buzzfeed.com,Female,243.96.72.241
289,Auberon,Champney,achampney80@google.it,Male,112.95.138.185
290,Davina,Stark,dstark81@google.ca,Female,11.76.247.172
291,Lulita,Tapp,ltapp82@latimes.com,Female,149.159.250.255
292,Kori,Lindeman,klindeman83@hud.gov,Female,161.161.251.38
293,Wallie,Peetermann,wpeetermann84@hubpages.com,Male,4.67.102.93
294,Marna,Druett,mdruett85@spiegel.de,Female,202.80.45.62
295,Kilian,Barfford,kbarfford86@wikia.com,Male,182.248.65.242
296,Caleb,Dutnall,cdutnall87@aboutads.info,Male,101.52.179.20
297,Missie,Richly,mrichly88@ibm.com,Female,199.61.248.70
298,Helga,Dorgon,hdorgon89@edublogs.org,Female,126.159.76.238
299,Earle,Hagyard,ehagyard8a@tuttocitta.it,Polygender,141.24.207.207
300,Allie,Clopton,aclopton8b@bloglines.com,Agender,29.177.133.10
301,Iver,Spiaggia,ispiaggia8c@theguardian.com,Male,35.28.107.194
302,Ambrose,Gibberd,agibberd8d@myspace.com,Male,136.67.54.119
303,Jo ann,Petroselli,jpetroselli8e@amazon.co.uk,Bigender,233.211.67.229
304,Budd,Randalston,brandalston8f@tmall.com,Male,214.165.191.239
305,Jobey,Feighney,jfeighney8g@xinhuanet.com,Non-binary,177.69.144.110
306,Alysa,Cesconi,acesconi8h@yellowbook.com,Female,16.251.155.180
307,Odilia,Rackam,orackam8i@springer.com,Female,140.193.142.42
308,Cassy,Lazare,clazare8j@youku.com,Female,8.182.250.82
309,Paul,Akess,pakess8k@reuters.com,Genderfluid,87.84.13.4
310,Bernie,Freemantle,bfreemantle8l@dailymotion.com,Female,164.9.121.210
311,Raffaello,De Launde,rdelaunde8m@ucla.edu,Male,42.239.78.25
312,Clari,Tibald,ctibald8n@fda.gov,Female,54.11.77.123
313,Sheila,Monnery,smonnery8o@stumbleupon.com,Female,178.221.49.203
314,Bernardina,Saterthwait,bsaterthwait8p@networkadvertising.org,Female,82.238.215.101
315,Hyacinthie,Jenking,hjenking8q@discovery.com,Female,117.115.131.89
316,Felisha,Croll,fcroll8r@twitter.com,Female,167.156.59.159
317,Erie,Wallworke,ewallworke8s@umich.edu,Male,143.106.58.126
318,Kasey,Bassford,kbassford8t@walmart.com,Female,215.196.41.249
319,Connor,McOnie,cmconie8u@lycos.com,Male,187.248.166.82
320,Anatollo,McPhilip,amcphilip8v@sohu.com,Genderfluid,212.210.105.13
321,Friedrich,Proger,fproger8w@washingtonpost.com,Male,224.205.141.254
322,Doralyn,Creaven,dcreaven8x@accuweather.com,Female,145.89.186.190
323,Bernardine,Kirkby,bkirkby8y@dmoz.org,Female,251.240.148.242
324,Lise,Sarge,lsarge8z@uol.com.br,Female,142.7.78.58
325,Ricki,Ivett,rivett90@dot.gov,Female,118.62.75.27
326,Clementius,Hinckes,chinckes91@jiathis.com,Male,116.237.252.139
327,Daisie,Pesic,dpesic92@so-net.ne.jp,Female,235.3.89.169
328,Margo,Tickel,mtickel93@webmd.com,Female,125.177.201.33
329,Gerick,Moland,gmoland94@zimbio.com,Male,60.77.93.246
330,Hynda,Potell,hpotell95@multiply.com,Female,212.181.165.43
331,Mirabella,Srawley,msrawley96@networkadvertising.org,Female,73.4.132.12
332,Avis,Tritton,atritton97@jalbum.net,Non-binary,114.70.116.42
333,Elise,Gensavage,egensavage98@sphinn.com,Female,112.232.187.180
334,Aigneis,Muckley,amuckley99@infoseek.co.jp,Female,97.101.2.177
335,Shelagh,Hartburn,shartburn9a@examiner.com,Female,137.114.99.144
336,Corena,Bande,cbande9b@craigslist.org,Female,149.172.140.197
337,Talbert,Fetherston,tfetherston9c@berkeley.edu,Male,253.65.91.248
338,Herve,Luten,hluten9d@youtu.be,Male,82.222.95.176
339,Artus,Cuming,acuming9e@uiuc.edu,Male,195.179.120.145
340,Anstice,Lambin,alambin9f@is.gd,Female,173.125.35.128
341,Dunstan,Reaman,dreaman9g@sun.com,Male,125.111.130.218
342,Ev,Cantillon,ecantillon9h@prweb.com,Male,90.214.198.241
343,Lucien,Snugg,lsnugg9i@noaa.gov,Male,100.115.121.197
344,Uriel,Harvard,uharvard9j@taobao.com,Male,110.193.253.67
345,Nani,Jaquest,njaquest9k@sciencedaily.com,Female,208.236.52.73
346,Peadar,Blackaller,pblackaller9l@storify.com,Male,204.149.41.183
347,Gavrielle,Huet,ghuet9m@google.cn,Female,125.154.218.160
348,Tressa,Kite,tkite9n@youtube.com,Female,7.125.21.89
349,Von,Christie,vchristie9o@dyndns.org,Male,178.200.85.25
350,Gary,Rawles,grawles9p@shareasale.com,Male,158.47.145.60
351,Robina,Bentjens,rbentjens9q@reddit.com,Female,2.36.71.230
352,Karyn,Huby,khuby9r@eventbrite.com,Female,205.37.242.78
353,Leonidas,Mounch,lmounch9s@eventbrite.com,Male,101.144.149.43
354,Lyell,Rizzardini,lrizzardini9t@mac.com,Polygender,67.203.187.200
355,Aguie,Hardin,ahardin9u@archive.org,Male,166.20.129.22
356,Ginger,Grissett,ggrissett9v@sogou.com,Male,83.242.8.154
357,Peggy,Giller,pgiller9w@samsung.com,Female,129.207.58.83
358,Margot,Hughland,mhughland9x@dedecms.com,Female,150.5.14.24
359,Delphine,Radish,dradish9y@bravesites.com,Female,252.36.199.211
360,Maurie,Stable,mstable9z@mail.ru,Agender,49.244.245.81
361,Danny,Permain,dpermaina0@sitemeter.com,Male,199.117.104.228
362,Pattin,Dewett,pdewetta1@delicious.com,Male,219.155.203.7
363,Lorita,Parkey,lparkeya2@yahoo.com,Female,36.116.95.209
364,Zorina,Rushby,zrushbya3@livejournal.com,Female,134.88.54.252
365,Letta,Howsley,lhowsleya4@purevolume.com,Female,103.188.138.200
366,Maryjane,Everitt,meveritta5@usnews.com,Female,90.127.187.108
367,Eadith,Oldcroft,eoldcrofta6@netvibes.com,Female,174.32.98.198
368,Lanni,Rubinovitch,lrubinovitcha7@issuu.com,Female,177.143.147.249
369,Cybill,Pelman,cpelmana8@sourceforge.net,Female,225.207.15.46
370,Clea,Rake,crakea9@ning.com,Female,88.174.231.162
371,Elmore,Feeny,efeenyaa@phpbb.com,Genderfluid,241.40.18.94
372,Vonny,Roskelly,vroskellyab@themeforest.net,Female,70.142.241.42
373,Kinny,Tearney,ktearneyac@illinois.edu,Male,166.69.152.83
374,Anni,Ranner,arannerad@house.gov,Female,34.78.214.52
375,Craggie,Littrell,clittrellae@mlb.com,Male,69.167.199.97
376,Barnebas,Eudall,beudallaf@yale.edu,Male,191.181.81.171
377,Teodoro,Phillcock,tphillcockag@pbs.org,Genderfluid,38.81.210.210
378,Burl,Arpin,barpinah@jalbum.net,Male,137.221.127.252
379,Lenette,Neiland,lneilandai@icio.us,Non-binary,84.51.2.58
380,Kassi,Gabbott,kgabbottaj@de.vu,Female,175.48.110.154
381,Jenn,Swaffield,jswaffieldak@blogs.com,Female,179.92.88.112
382,Maurits,Foran,mforanal@google.ru,Male,182.14.28.46
383,Ignacius,Deacon,ideaconam@noaa.gov,Male,117.224.47.228
384,Lu,Grealey,lgrealeyan@amazon.co.jp,Female,239.42.254.19
385,Wain,Fitchew,wfitchewao@chronoengine.com,Male,213.94.81.218
386,Sarine,Smithin,ssmithinap@wsj.com,Female,202.130.255.31
387,Barnabe,Yesinov,byesinovaq@angelfire.com,Male,195.179.42.51
388,Mikel,Hucknall,mhucknallar@ocn.ne.jp,Genderfluid,238.200.41.177
389,Merrick,Bignal,mbignalas@japanpost.jp,Male,35.84.247.138
390,Philippa,Pickthall,ppickthallat@tinypic.com,Female,245.41.153.148
391,Bennie,Passler,bpasslerau@google.ru,Polygender,180.103.247.233
392,Hazel,Bleeze,hbleezeav@baidu.com,Female,210.140.10.204
393,Rodolphe,Skipper,rskipperaw@123-reg.co.uk,Male,25.62.199.69
394,Brand,Rummery,brummeryax@weather.com,Male,26.139.154.81
395,Arly,Moniker,amonikeray@ovh.net,Female,214.22.197.220
396,Town,Quarrie,tquarrieaz@weebly.com,Male,158.39.226.19
397,Jessica,Rodden,jroddenb0@github.io,Female,51.178.137.153
398,Pryce,Simic,psimicb1@last.fm,Male,118.85.253.13
399,Lynea,Loweth,llowethb2@slashdot.org,Female,13.205.117.149
400,Donaugh,Beardwood,dbeardwoodb3@tuttocitta.it,Male,212.166.72.59
401,Gaye,Reichelt,greicheltb4@nbcnews.com,Female,226.238.19.218
402,Farleigh,Matchett,fmatchettb5@hostgator.com,Male,36.78.32.54
403,Maynard,Goodfellowe,mgoodfelloweb6@nyu.edu,Male,141.225.118.103
404,Cristiano,Bysaker,cbysakerb7@slideshare.net,Male,93.168.120.174
405,Marna,Musselwhite,mmusselwhiteb8@kickstarter.com,Female,106.39.62.65
406,Theresita,Devin,tdevinb9@hud.gov,Female,5.202.145.137
407,Marybelle,Binton,mbintonba@eventbrite.com,Female,153.40.252.239
408,Ewart,Batram,ebatrambb@spotify.com,Male,202.188.24.204
409,Kevina,Jurczik,kjurczikbc@weibo.com,Female,231.28.122.147
410,Gasper,Haslen,ghaslenbd@paginegialle.it,Male,99.35.50.89
411,Fonzie,Skaife,fskaifebe@networksolutions.com,Male,176.70.158.53
412,Yves,Brian,ybrianbf@webeden.co.uk,Male,234.23.111.235
413,Carmon,Looker,clookerbg@un.org,Female,0.197.92.166
414,Teresita,Mayhow,tmayhowbh@edublogs.org,Female,135.52.222.6
415,Mord,O' Gara,mogarabi@dailymotion.com,Male,74.21.188.66
416,Maude,Carriage,mcarriagebj@deviantart.com,Female,140.208.210.89
417,Burtie,Urey,bureybk@bravesites.com,Male,108.22.148.2
418,Ernesta,Capelen,ecapelenbl@hud.gov,Female,77.3.111.252
419,Giuseppe,Sidon,gsidonbm@craigslist.org,Male,232.104.117.124
420,Cicily,Oake,coakebn@theatlantic.com,Female,105.8.157.231
421,Nikaniki,Hanbridge,nhanbridgebo@biblegateway.com,Female,152.249.37.65
422,Quint,Vears,qvearsbp@deliciousdays.com,Male,52.27.170.200
423,Sidney,O'Fallowne,sofallownebq@msu.edu,Male,176.140.164.126
424,Maurita,Prosek,mprosekbr@twitter.com,Female,4.104.90.19
425,Freddy,Shoebrook,fshoebrookbs@jugem.jp,Male,250.191.162.229
426,Cam,Dahlberg,cdahlbergbt@wikimedia.org,Male,140.26.3.230
427,Toinette,Bier,tbierbu@china.com.cn,Female,244.218.137.64
428,Julita,De la Yglesia,jdelayglesiabv@weather.com,Female,167.89.96.99
429,Ginevra,Strother,gstrotherbw@princeton.edu,Polygender,104.203.162.166
430,Hermy,Gainseford,hgainsefordbx@themeforest.net,Male,102.143.5.27
431,Saree,Gori,sgoriby@ed.gov,Female,251.119.195.36
432,Doug,Giraudot,dgiraudotbz@walmart.com,Male,95.254.112.134
433,Marti,Finlater,mfinlaterc0@geocities.com,Female,121.23.31.231
434,Anny,Artiss,aartissc1@cdbaby.com,Female,250.98.86.6
435,Dermot,Hendin,dhendinc2@hc360.com,Male,69.188.149.95
436,Rae,Khomich,rkhomichc3@multiply.com,Female,237.5.86.98
437,Raleigh,Dicke,rdickec4@drupal.org,Male,104.79.164.100
438,Karna,Bolingbroke,kbolingbrokec5@scribd.com,Female,69.110.243.43
439,Mendie,Debold,mdeboldc6@europa.eu,Agender,140.140.183.101
440,Fairleigh,Klampt,fklamptc7@ycombinator.com,Male,172.55.113.84
441,Gavrielle,Willes,gwillesc8@w3.org,Female,106.135.29.49
442,Rose,Penhale,rpenhalec9@yahoo.com,Female,41.136.243.102
443,Cecily,de Vaen,cdevaenca@unc.edu,Female,88.14.92.149
444,Ardith,Wem,awemcb@free.fr,Genderfluid,78.15.125.103
445,Elfie,Oehme,eoehmecc@aol.com,Female,12.206.152.178
446,Melodie,Zohrer,mzohrercd@mac.com,Female,136.55.73.111
447,Jobey,Attwill,jattwillce@uiuc.edu,Female,121.98.171.178
448,Bunny,Tardiff,btardiffcf@themeforest.net,Female,226.122.14.133
449,Frederik,Sallnow,fsallnowcg@gmpg.org,Polygender,124.12.191.123
450,Ludvig,Fawdry,lfawdrych@furl.net,Male,201.164.228.135
451,Noelani,Eydel,neydelci@theguardian.com,Female,21.35.198.162
452,Manolo,Denford,mdenfordcj@printfriendly.com,Male,26.54.242.124
453,Timmie,Lazare,tlazareck@alexa.com,Female,52.104.238.78
454,Jobie,Arents,jarentscl@histats.com,Female,70.67.7.94
455,Sofie,Gleadhall,sgleadhallcm@cyberchimps.com,Female,151.151.119.48
456,Kitty,Huntington,khuntingtoncn@kickstarter.com,Female,0.217.159.35
457,Matty,Ogan,moganco@ucla.edu,Male,47.97.112.155
458,Bartolemo,Macbeth,bmacbethcp@house.gov,Male,49.85.37.122
459,Otes,Saffer,osaffercq@joomla.org,Male,122.163.207.212
460,Janot,Grabbam,jgrabbamcr@i2i.jp,Female,170.218.42.120
461,Tammy,Brettle,tbrettlecs@nhs.uk,Male,77.136.159.120
462,Patience,Pickerell,ppickerellct@360.cn,Female,230.249.26.209
463,Giraud,Awton,gawtoncu@vistaprint.com,Genderfluid,230.98.105.55
464,Idalia,Skaif,iskaifcv@desdev.cn,Female,128.127.177.221
465,Misha,Cathrae,mcathraecw@independent.co.uk,Non-binary,201.166.24.60
466,Cointon,Muldownie,cmuldowniecx@slideshare.net,Male,28.206.229.104
467,Fredek,Holsall,fholsallcy@barnesandnoble.com,Male,193.103.108.115
468,Gustav,McSperron,gmcsperroncz@imgur.com,Male,81.78.170.50
469,Ariela,Ellar,aellard0@tinypic.com,Female,239.170.180.175
470,Dinah,Mayze,dmayzed1@unesco.org,Female,157.59.98.193
471,Fredi,Axell,faxelld2@microsoft.com,Female,73.225.131.73
472,Brande,Fair,bfaird3@nih.gov,Female,31.75.112.136
473,Raddie,Bulley,rbulleyd4@wp.com,Male,3.12.34.59
474,Akim,Slowcock,aslowcockd5@facebook.com,Male,161.247.112.95
475,Antonie,Dawltrey,adawltreyd6@yelp.com,Agender,255.37.239.186
476,Andreas,Markwick,amarkwickd7@webnode.com,Male,48.37.102.220
477,Mayor,Wardhaw,mwardhawd8@dot.gov,Male,5.58.4.174
478,Arabelle,Whieldon,awhieldond9@guardian.co.uk,Female,155.81.5.194
479,Rhonda,Murra,rmurrada@paginegialle.it,Female,90.95.149.18
480,Freddy,Normandale,fnormandaledb@dailymotion.com,Male,210.148.149.54
481,Ursulina,Bengall,ubengalldc@indiatimes.com,Female,96.186.77.44
482,Ragnar,Renbold,rrenbolddd@oaic.gov.au,Male,225.251.247.242
483,Jephthah,Stedman,jstedmande@e-recht24.de,Male,204.72.3.67
484,Chicky,Futter,cfutterdf@npr.org,Agender,8.211.20.167
485,Paola,Jeram,pjeramdg@blogtalkradio.com,Female,9.118.235.65
486,Jobyna,Pedrollo,jpedrollodh@mysql.com,Female,130.169.249.68
487,Lyman,Domanek,ldomanekdi@cnbc.com,Male,184.120.209.206
488,Paulo,Lemmon,plemmondj@reddit.com,Male,194.179.6.244
489,Alfreda,Wing,awingdk@1688.com,Female,201.182.68.134
490,Zola,Whittlesea,zwhittleseadl@tamu.edu,Female,9.13.75.166
491,Helga,Phythean,hphytheandm@discovery.com,Female,84.96.148.222
492,Chev,Rodbourne,crodbournedn@abc.net.au,Male,145.43.9.138
493,Adolphe,OIlier,aoilierdo@rakuten.co.jp,Male,105.157.115.228
494,Nickola,Dumbrall,ndumbralldp@dailymotion.com,Male,194.144.71.113
495,Goddart,Winterborne,gwinterbornedq@telegraph.co.uk,Male,242.168.186.204
496,Waylon,Manketell,wmanketelldr@sina.com.cn,Male,232.116.109.175
497,Morley,Rawstorn,mrawstornds@loc.gov,Male,174.38.123.213
498,Valentin,Delete,vdeletedt@howstuffworks.com,Genderfluid,91.231.86.207
499,Mariquilla,Wigfield,mwigfielddu@usgs.gov,Female,37.250.203.118
500,Brockie,Aujean,baujeandv@pbs.org,Male,93.92.177.14
501,Cynthy,Grunbaum,cgrunbaumdw@yale.edu,Agender,217.31.36.189
502,Carena,Coatman,ccoatmandx@samsung.com,Female,173.133.28.132
503,Esme,Drew,edrewdy@sciencedirect.com,Female,94.97.51.189
504,Kendall,Cullinane,kcullinanedz@sun.com,Male,176.56.136.131
505,Caryl,Brandham,cbrandhame0@smugmug.com,Male,15.127.131.85
506,Karissa,Kennewell,kkennewelle1@examiner.com,Female,219.244.248.172
507,Roman,Dabney,rdabneye2@stanford.edu,Male,217.184.147.244
508,Kyrstin,Goldie,kgoldiee3@about.me,Female,163.148.195.4
509,Beverley,Wooller,bwoollere4@feedburner.com,Female,201.123.178.25
510,Clementine,Goter,cgotere5@angelfire.com,Female,90.81.83.73
511,Amy,Sealove,asealovee6@sina.com.cn,Female,146.28.213.88
512,Pattin,Coronado,pcoronadoe7@wired.com,Male,248.97.216.92
513,Raddy,Fenwick,rfenwicke8@theatlantic.com,Male,90.186.44.134
514,Alyssa,Hartmann,ahartmanne9@ibm.com,Female,162.38.86.42
515,Bili,Dyerson,bdyersonea@cnet.com,Female,1.225.236.17
516,Danielle,Wooffinden,dwooffindeneb@harvard.edu,Female,225.36.143.19
517,Miran,Thornbarrow,mthornbarrowec@noaa.gov,Female,247.117.39.182
518,Terry,Heinz,theinzed@squidoo.com,Male,213.135.46.145
519,Georgie,Bakhrushkin,gbakhrushkinee@baidu.com,Genderfluid,48.44.14.85
520,Kendell,Mollon,kmollonef@ameblo.jp,Male,122.228.111.229
521,Henderson,Possel,hposseleg@e-recht24.de,Male,61.107.58.184
522,Christoforo,Gorsse,cgorsseeh@dyndns.org,Male,175.179.176.17
523,Fabio,Hassewell,fhassewellei@gov.uk,Male,130.101.81.89
524,Gail,Jeannot,gjeannotej@smh.com.au,Male,9.161.29.65
525,Ermengarde,Bresland,ebreslandek@digg.com,Female,74.130.118.180
526,Darren,Towler,dtowlerel@ftc.gov,Male,52.196.95.17
527,Dunstan,Jeffes,djeffesem@nasa.gov,Male,176.186.35.194
528,Judas,Tarn,jtarnen@ow.ly,Male,200.215.139.255
529,Isaak,Fittes,ifitteseo@state.gov,Male,154.23.110.127
530,Lu,Barnwell,lbarnwellep@cornell.edu,Female,201.4.16.51
531,Debby,Puddle,dpuddleeq@meetup.com,Female,73.191.202.149
532,Eberhard,Ockwell,eockweller@discovery.com,Male,253.27.208.42
533,Shellysheldon,Milner,smilneres@craigslist.org,Male,4.5.41.50
534,Wakefield,McKillop,wmckillopet@aboutads.info,Male,10.72.126.2
535,Ralf,Ulster,rulstereu@symantec.com,Male,38.199.132.215
536,Reinold,Snaddin,rsnaddinev@netscape.com,Male,126.201.228.105
537,Katinka,Pietrasik,kpietrasikew@earthlink.net,Female,252.76.150.220
538,Sherman,Nason,snasonex@privacy.gov.au,Polygender,55.13.161.35
539,Kaleb,Tothe,ktotheey@woothemes.com,Genderfluid,78.221.182.218
540,Celina,MacCurlye,cmaccurlyeez@devhub.com,Female,152.113.218.222
541,Devon,Kollas,dkollasf0@cbslocal.com,Female,110.150.83.125
542,Dannel,Praundlin,dpraundlinf1@domainmarket.com,Non-binary,151.182.210.220
543,Ramona,Line,rlinef2@boston.com,Female,186.11.102.144
544,Ortensia,Schuh,oschuhf3@csmonitor.com,Female,176.13.15.213
545,Britta,Bamb,bbambf4@fc2.com,Female,171.163.210.81
546,Patricio,Roadnight,proadnightf5@alexa.com,Male,222.249.21.27
547,Nicko,Salsberg,nsalsbergf6@alexa.com,Male,118.107.44.163
548,Bernelle,Faucherand,bfaucherandf7@facebook.com,Female,175.150.116.253
549,Ashlin,Withrington,awithringtonf8@de.vu,Agender,27.73.125.232
550,Othilia,Jonathon,ojonathonf9@google.com.hk,Female,164.168.186.156
551,Lester,Thurgood,lthurgoodfa@bandcamp.com,Male,1.222.94.28
552,Kristin,Dauby,kdaubyfb@intel.com,Female,195.241.188.14
553,Bernelle,Standing,bstandingfc@unicef.org,Female,221.17.229.197
554,Beltran,Dyball,bdyballfd@msn.com,Male,98.217.148.154
555,Jerrome,Cromley,jcromleyfe@twitter.com,Genderfluid,208.140.28.141
556,Fanchette,Gildersleeve,fgildersleeveff@apple.com,Female,174.195.197.146
557,Odette,Kimbling,okimblingfg@unesco.org,Female,132.220.78.212
558,Nikolai,Village,nvillagefh@ted.com,Male,176.182.62.87
559,Evvie,Trenbey,etrenbeyfi@jugem.jp,Female,61.6.125.28
560,Efrem,Cuttle,ecuttlefj@acquirethisname.com,Male,96.243.225.2
561,Cliff,Rossborough,crossboroughfk@umn.edu,Male,86.86.137.69
562,Chancey,Omrod,comrodfl@miitbeian.gov.cn,Male,202.86.106.115
563,Carma,Marshman,cmarshmanfm@wired.com,Female,160.143.191.87
564,Fraser,Hainey`,fhaineyfn@columbia.edu,Male,184.250.148.130
565,Cynthea,Maidment,cmaidmentfo@yale.edu,Female,59.90.203.62
566,Meryl,Dockwray,mdockwrayfp@mashable.com,Male,154.199.83.151
567,Colly,Lean,cleanfq@istockphoto.com,Female,129.72.56.146
568,Scarface,Besemer,sbesemerfr@exblog.jp,Male,19.104.85.215
569,Clemmie,Brayson,cbraysonfs@prlog.org,Female,141.99.67.230
570,Emmey,Warboys,ewarboysft@scribd.com,Female,132.196.172.201
571,Frederick,Silburn,fsilburnfu@vimeo.com,Male,28.38.168.87
572,Maribeth,Ullyott,mullyottfv@soup.io,Genderqueer,233.103.178.69
573,Isabella,Medgwick,imedgwickfw@gizmodo.com,Female,52.114.212.63
574,Melodie,Jenking,mjenkingfx@dagondesign.com,Female,27.25.135.208
575,Nikkie,Gurko,ngurkofy@aol.com,Female,203.175.18.97
576,Tabbitha,Fairbairn,tfairbairnfz@usnews.com,Female,112.51.242.51
577,Ferris,Ogglebie,fogglebieg0@hexun.com,Male,95.212.150.215
578,Cord,Santorini,csantorinig1@whitehouse.gov,Male,217.77.82.78
579,Tann,Fagence,tfagenceg2@wiley.com,Male,121.245.243.130
580,Winonah,Turfrey,wturfreyg3@house.gov,Female,159.181.139.129
581,Adelheid,Crathern,acratherng4@pinterest.com,Non-binary,178.118.11.251
582,Wolf,Lapley,wlapleyg5@omniture.com,Genderqueer,204.49.131.150
583,Oralia,Reyner,oreynerg6@salon.com,Female,190.229.5.103
584,Felice,Morstatt,fmorstattg7@alexa.com,Male,48.66.241.235
585,Alwyn,Carlon,acarlong8@jiathis.com,Male,19.22.14.185
586,Thelma,Swift,tswiftg9@time.com,Female,154.134.103.37
587,Kristin,End,kendga@foxnews.com,Female,146.37.186.14
588,Lauren,Ismead,lismeadgb@mac.com,Female,5.25.53.9
589,Reinhard,Riste,rristegc@auda.org.au,Male,233.152.160.42
590,Tracy,Nann,tnanngd@ycombinator.com,Female,79.117.233.115
591,Aron,Skottle,askottlege@usa.gov,Male,90.124.136.233
592,Jodi,Lillow,jlillowgf@arizona.edu,Male,58.206.36.112
593,Aubert,Sanney,asanneygg@hp.com,Agender,18.110.186.233
594,Ardelis,Bondesen,abondesengh@hud.gov,Female,146.13.67.145
595,Dyane,Genner,dgennergi@spotify.com,Female,18.73.192.107
596,Ammamaria,Jarret,ajarretgj@pinterest.com,Female,218.253.11.198
597,Corene,March,cmarchgk@ning.com,Female,48.221.165.229
598,Ansley,Deschlein,adeschleingl@hc360.com,Female,13.0.128.128
599,Clarabelle,Thyng,cthynggm@noaa.gov,Female,167.195.175.215
600,Sue,Cockings,scockingsgn@shareasale.com,Female,183.119.147.69
601,Niki,Jojic,njojicgo@webmd.com,Female,105.253.83.195
602,Lea,Sandeford,lsandefordgp@rediff.com,Female,82.243.79.8
603,Hodge,Edinburgh,hedinburghgq@hhs.gov,Male,232.4.108.25
604,Skipper,Lanfer,slanfergr@hostgator.com,Male,32.29.148.142
605,Stephannie,Coniff,sconiffgs@bloomberg.com,Female,233.61.89.69
606,Lonnard,Matfield,lmatfieldgt@bloglines.com,Male,209.235.244.111
607,Sabra,Bassam,sbassamgu@so-net.ne.jp,Female,3.47.2.216
608,Marris,Borge,mborgegv@adobe.com,Female,96.62.54.70
609,Dale,Hall-Gough,dhallgoughgw@huffingtonpost.com,Genderfluid,225.226.249.164
610,Roxy,Ivanikov,rivanikovgx@craigslist.org,Female,36.50.238.144
611,Sigismond,Holbarrow,sholbarrowgy@amazon.co.jp,Male,168.249.178.89
612,Fowler,Gurnee,fgurneegz@free.fr,Male,149.67.174.241
613,Miquela,Lynas,mlynash0@networksolutions.com,Female,97.99.92.29
614,Merrill,Lote,mloteh1@instagram.com,Female,148.217.118.99
615,Pippo,Langfat,plangfath2@geocities.jp,Male,75.230.53.217
616,Tamas,Hammarberg,thammarbergh3@unc.edu,Male,81.161.147.12
617,Gradeigh,Tough,gtoughh4@stanford.edu,Male,120.101.223.43
618,Ash,Childe,achildeh5@google.com.br,Male,216.194.205.3
619,Cyrillus,Stares,cstaresh6@jugem.jp,Male,29.181.0.171
620,Mab,Cowell,mcowellh7@tripod.com,Female,150.80.32.153
621,Wilhelmine,Samuels,wsamuelsh8@studiopress.com,Female,57.50.201.50
622,Simonette,Sailor,ssailorh9@businessinsider.com,Female,112.98.120.104
623,Lucie,Libbie,llibbieha@printfriendly.com,Female,69.39.173.250
624,Erv,Teggart,eteggarthb@dedecms.com,Male,111.44.224.60
625,Garvey,Blaxter,gblaxterhc@yelp.com,Male,21.61.9.121
626,Evangeline,De Rye Barrett,ederyebarretthd@cpanel.net,Genderqueer,75.176.59.220
627,Marlo,Bullimore,mbullimorehe@smh.com.au,Male,208.164.236.65
628,Linnell,Rassell,lrassellhf@dyndns.org,Female,162.107.88.189
629,Giovanna,Hardey,ghardeyhg@vkontakte.ru,Female,33.236.224.121
630,Nolly,Marfell,nmarfellhh@flickr.com,Male,157.82.174.159
631,Arturo,Treven,atrevenhi@nsw.gov.au,Male,10.86.110.149
632,Vlad,de Tocqueville,vdetocquevillehj@house.gov,Male,56.137.162.126
633,Jermayne,Bruyns,jbruynshk@nba.com,Male,177.133.116.36
634,Bary,Lawlee,blawleehl@wikipedia.org,Male,171.115.21.91
635,Donielle,Bines,dbineshm@disqus.com,Female,123.69.120.153
636,Had,Tuft,htufthn@intel.com,Male,27.101.116.35
637,Cheston,Rapa,crapaho@miitbeian.gov.cn,Male,125.26.44.33
638,Christy,MacDowal,cmacdowalhp@mozilla.org,Female,52.113.149.181
639,Zebedee,Janous,zjanoushq@wordpress.com,Male,77.217.58.67
640,Elisa,Absolon,eabsolonhr@prweb.com,Female,122.48.215.249
641,Jehanna,Maulden,jmauldenhs@ftc.gov,Female,39.41.166.124
642,Delaney,Liston,dlistonht@umich.edu,Male,170.186.237.225
643,Mathe,Duffit,mduffithu@webs.com,Male,38.39.230.4
644,Vivia,Rozzell,vrozzellhv@lycos.com,Genderqueer,177.16.27.18
645,Dora,Dodworth,ddodworthhw@scribd.com,Female,34.29.34.254
646,Ina,Neave,ineavehx@umich.edu,Non-binary,178.12.157.25
647,Paige,Mugg,pmugghy@liveinternet.ru,Male,12.89.177.155
648,Vikki,Schurcke,vschurckehz@arstechnica.com,Female,141.9.208.10
649,Phaidra,Dominey,pdomineyi0@cbc.ca,Female,47.63.106.171
650,Inness,Esselin,iesselini1@statcounter.com,Male,248.60.60.116
651,Jozef,Kemetz,jkemetzi2@arstechnica.com,Male,61.60.8.184
652,Margit,Winstanley,mwinstanleyi3@ucsd.edu,Female,171.99.26.179
653,Bernarr,Rosenstiel,brosenstieli4@gmpg.org,Male,50.98.153.6
654,Barrie,Barmby,bbarmbyi5@answers.com,Male,86.183.228.20
655,Athene,Stitfall,astitfalli6@symantec.com,Female,211.0.77.243
656,Lucio,Gaiger,lgaigeri7@xinhuanet.com,Bigender,45.77.111.232
657,Shawnee,Pargeter,spargeteri8@deliciousdays.com,Female,129.244.191.46
658,Corena,Quig,cquigi9@auda.org.au,Female,183.7.225.149
659,Rancell,Rustich,rrustichia@quantcast.com,Male,77.1.239.220
660,Ludwig,Gapp,lgappib@yellowbook.com,Male,173.243.122.171
661,Danit,Lenoir,dlenoiric@weather.com,Female,232.95.6.51
662,Ericka,Lain,elainid@hp.com,Female,13.144.51.38
663,Marnie,O'Sherrin,mosherrinie@usa.gov,Female,161.51.84.247
664,Rozalin,Sharples,rsharplesif@mediafire.com,Female,132.152.152.249
665,Michaella,Fegan,mfeganig@wikimedia.org,Female,1.61.75.150
666,Rakel,Madeley,rmadeleyih@livejournal.com,Female,21.247.155.75
667,Micky,Jaze,mjazeii@wikimedia.org,Male,218.124.35.4
668,Jodi,Cleere,jcleereij@sphinn.com,Male,156.141.184.218
669,Nicol,Josephy,njosephyik@loc.gov,Male,223.234.3.51
670,Iago,Ivic,iivicil@odnoklassniki.ru,Male,147.57.13.17
671,Angelo,Clampett,aclampettim@elpais.com,Male,62.185.197.124
672,Alic,Colling,acollingin@privacy.gov.au,Male,83.213.8.245
673,Nathanil,Poff,npoffio@archive.org,Male,181.36.167.73
674,Trista,Sidaway,tsidawayip@china.com.cn,Bigender,199.73.77.89
675,Orazio,Melladew,omelladewiq@npr.org,Male,144.16.69.164
676,Tommy,Rozycki,trozyckiir@fc2.com,Male,66.93.104.43
677,Lyndy,Storrah,lstorrahis@diigo.com,Female,39.232.234.46
678,Sidnee,Mowling,smowlingit@tripadvisor.com,Male,48.166.232.254
679,Eadith,Murrison,emurrisoniu@intel.com,Female,234.82.219.28
680,Marcie,Le Marquand,mlemarquandiv@eventbrite.com,Female,187.142.49.120
681,Nelie,Yatman,nyatmaniw@independent.co.uk,Female,114.152.71.30
682,Frazier,Toulamain,ftoulamainix@cisco.com,Male,89.173.214.140
683,Horatia,Keysel,hkeyseliy@unicef.org,Female,119.225.151.192
684,Ludovico,Farrens,lfarrensiz@eventbrite.com,Male,35.170.165.183
685,Cosmo,Parmiter,cparmiterj0@tinypic.com,Male,45.54.119.100
686,Xenia,Slinn,xslinnj1@home.pl,Female,13.4.114.105
687,Mirelle,Pandie,mpandiej2@cyberchimps.com,Female,174.224.12.69
688,Drusi,Bothbie,dbothbiej3@cbslocal.com,Female,40.56.150.170
689,Victoria,Phateplace,vphateplacej4@moonfruit.com,Female,67.119.208.252
690,Maynord,Peepall,mpeepallj5@squidoo.com,Male,76.120.247.199
691,Willey,Bernath,wbernathj6@howstuffworks.com,Male,199.84.234.212
692,Peggi,Ligerton,pligertonj7@bloglines.com,Female,195.64.237.252
693,Veronike,Dubs,vdubsj8@netvibes.com,Female,136.235.160.80
694,Nataniel,Dell 'Orto,ndellortoj9@list-manage.com,Male,210.75.135.96
695,Tristan,Coils,tcoilsja@rambler.ru,Male,222.29.124.130
696,Loydie,Northidge,lnorthidgejb@seattletimes.com,Male,116.234.180.251
697,Lorelle,Le Gassick,llegassickjc@google.pl,Female,237.130.114.36
698,Gottfried,Shawell,gshawelljd@state.gov,Male,71.128.4.248
699,Martina,Wadham,mwadhamje@google.nl,Polygender,140.226.70.213
700,Gail,Isakov,gisakovjf@techcrunch.com,Male,121.224.140.172
701,Trudi,Kernocke,tkernockejg@webs.com,Female,178.46.118.217
702,Hope,Silby,hsilbyjh@webnode.com,Female,0.109.35.228
703,Gwenneth,Longrigg,glongriggji@blog.com,Female,15.29.234.1
704,Brandise,Ivshin,bivshinjj@merriam-webster.com,Female,239.183.164.176
705,Egor,Tunstall,etunstalljk@google.com.br,Male,201.123.151.192
706,Simonne,Frenzel;,sfrenzeljl@pen.io,Female,70.59.81.182
707,Helga,Szymonowicz,hszymonowiczjm@qq.com,Female,35.26.215.183
708,Richy,Shadfourth,rshadfourthjn@nsw.gov.au,Male,189.10.127.177
709,Bax,Saffrin,bsaffrinjo@php.net,Male,156.223.160.21
710,Graehme,Youhill,gyouhilljp@msu.edu,Male,181.253.131.142
711,Maggie,Roddy,mroddyjq@illinois.edu,Agender,106.69.211.41
712,Malinde,Birkwood,mbirkwoodjr@ebay.co.uk,Female,160.59.214.130
713,Olly,Biggins,obigginsjs@360.cn,Female,208.23.240.255
714,Shaw,Chelsom,schelsomjt@goo.ne.jp,Male,147.75.81.84
715,Luci,Eastup,leastupju@ycombinator.com,Bigender,141.245.47.158
716,Giana,Goss,ggossjv@reddit.com,Female,115.105.228.82
717,Abie,Grabham,agrabhamjw@mapquest.com,Male,32.59.14.74
718,Claudie,Mellings,cmellingsjx@sun.com,Female,236.247.134.85
719,Griffy,Tickner,gticknerjy@wikispaces.com,Male,222.106.126.71
720,Sean,Koschek,skoschekjz@usnews.com,Female,212.108.76.99
721,Ashley,Ply,aplyk0@myspace.com,Male,177.188.67.80
722,Darnall,Medeway,dmedewayk1@hexun.com,Male,163.111.162.212
723,Tarah,Dossit,tdossitk2@soundcloud.com,Female,237.18.193.128
724,Jaimie,Petley,jpetleyk3@earthlink.net,Male,150.211.106.175
725,Binny,Brisson,bbrissonk4@goo.gl,Agender,155.163.26.252
726,Alfie,Leeder,aleederk5@blogtalkradio.com,Female,247.232.142.169
727,Lindsy,Showers,lshowersk6@netvibes.com,Female,49.93.224.89
728,Thatcher,Teodori,tteodorik7@vkontakte.ru,Male,237.24.89.195
729,Worthington,McKevin,wmckevink8@sun.com,Male,172.19.37.241
730,Lowell,Kilfoyle,lkilfoylek9@instagram.com,Male,115.67.135.197
731,Garrard,Tsarovic,gtsarovicka@usda.gov,Male,222.176.38.35
732,Vittoria,Cookley,vcookleykb@usa.gov,Female,110.56.226.165
733,Hal,Rendle,hrendlekc@google.com,Male,200.234.33.129
734,Cully,Frontczak,cfrontczakkd@army.mil,Male,170.200.57.8
735,Clint,Kunz,ckunzke@google.it,Male,197.170.255.117
736,Tiffany,Goldspink,tgoldspinkkf@opera.com,Female,135.255.157.159
737,Sibel,Trevear,strevearkg@nbcnews.com,Female,118.228.134.151
738,Felicity,Brudenell,fbrudenellkh@hud.gov,Female,57.23.190.25
739,Pepita,Martinho,pmartinhoki@fc2.com,Female,226.6.93.206
740,Marylin,Hrus,mhruskj@umich.edu,Female,159.125.118.248
741,Gibbie,Daldan,gdaldankk@sciencedirect.com,Male,148.227.64.141
742,Priscella,Romagnosi,promagnosikl@wordpress.org,Genderqueer,83.125.249.98
743,Zak,Carrier,zcarrierkm@hatena.ne.jp,Male,181.216.115.230
744,Delmore,Nutbrown,dnutbrownkn@kickstarter.com,Male,109.164.131.135
745,Krissie,Flatman,kflatmanko@nih.gov,Female,51.230.39.35
746,Madalyn,Bubear,mbubearkp@smh.com.au,Female,5.194.221.124
747,Boote,Chancelier,bchancelierkq@weather.com,Male,236.228.15.142
748,Lyssa,Teape,lteapekr@adobe.com,Female,37.3.1.100
749,Melanie,Sherrock,msherrockks@hhs.gov,Female,143.191.23.217
750,Christiana,McAllister,cmcallisterkt@cbsnews.com,Agender,83.139.174.65
751,Elianora,Trainor,etrainorku@loc.gov,Female,57.182.183.12
752,Maurice,Pell,mpellkv@slashdot.org,Male,126.65.173.41
753,Jeri,Sallan,jsallankw@jiathis.com,Female,230.124.210.29
754,Hildegaard,Hubner,hhubnerkx@ustream.tv,Female,69.101.154.113
755,Carmon,Armstrong,carmstrongky@vistaprint.com,Female,179.62.109.48
756,Myles,Eichmann,meichmannkz@boston.com,Male,227.172.5.14
757,Elsa,Lorking,elorkingl0@bbb.org,Female,173.135.151.157
758,Jeremiah,Lapsley,jlapsleyl1@cisco.com,Male,182.85.34.147
759,Reinhard,Brandes,rbrandesl2@google.cn,Male,132.48.207.79
760,Mortie,Redwall,mredwalll3@weebly.com,Male,185.101.203.23
761,Wyatt,Craisford,wcraisfordl4@spotify.com,Male,125.248.153.28
762,Crichton,Boorn,cboornl5@nature.com,Male,27.77.60.246
763,Benedict,Aires,bairesl6@imdb.com,Male,208.219.91.55
764,Thaddeus,Leuchars,tleucharsl7@disqus.com,Male,35.189.56.10
765,Kirk,Dendon,kdendonl8@ovh.net,Male,154.204.222.204
766,Osgood,Deyes,odeyesl9@abc.net.au,Bigender,91.229.34.254
767,Sharon,Yeldham,syeldhamla@businessinsider.com,Female,63.129.131.98
768,Vinny,Jatczak,vjatczaklb@clickbank.net,Male,170.32.59.201
769,Gratiana,Wakenshaw,gwakenshawlc@discuz.net,Non-binary,88.76.244.157
770,Archer,Gowland,agowlandld@shinystat.com,Male,192.131.183.37
771,Christabel,Brogini,cbroginile@amazon.com,Female,248.124.182.84
772,Gaspard,Noakes,gnoakeslf@sohu.com,Male,245.134.242.242
773,Ashly,Racher,aracherlg@quantcast.com,Female,180.55.6.199
774,Amargo,Coneybeare,aconeybearelh@flavors.me,Female,237.222.157.84
775,Lorette,Clohessy,lclohessyli@yellowbook.com,Female,47.209.99.88
776,Ernest,Conring,econringlj@linkedin.com,Genderfluid,147.61.7.95
777,Aaren,Southam,asouthamlk@hao123.com,Female,149.253.29.89
778,Idette,Bolin,ibolinll@xinhuanet.com,Female,44.5.153.48
779,Aigneis,Schole,ascholelm@artisteer.com,Female,51.129.234.48
780,Rorie,Jovasevic,rjovasevicln@businessinsider.com,Female,7.66.102.242
781,Germaine,Aloshechkin,galoshechkinlo@wsj.com,Male,124.178.69.252
782,Tabb,Kleinlerer,tkleinlererlp@1688.com,Polygender,244.115.160.180
783,Vernon,Worcester,vworcesterlq@dell.com,Male,62.110.173.130
784,Flore,Treadgold,ftreadgoldlr@tumblr.com,Female,0.60.202.67
785,Stefania,Delgaty,sdelgatyls@scribd.com,Female,9.219.126.117
786,Tressa,Selkirk,tselkirklt@netscape.com,Female,248.196.25.122
787,Cristine,Feighry,cfeighrylu@posterous.com,Female,155.88.8.159
788,Mireielle,Mahady,mmahadylv@ifeng.com,Female,246.204.104.93
789,Joby,Pidon,jpidonlw@ezinearticles.com,Female,251.152.72.174
790,Chad,Brotherhed,cbrotherhedlx@people.com.cn,Female,168.26.38.36
791,Jemimah,Tonkin,jtonkinly@slideshare.net,Female,151.22.151.220
792,Terrence,Haddacks,thaddackslz@redcross.org,Male,9.32.109.107
793,Cyb,Butterfill,cbutterfillm0@tumblr.com,Female,249.242.5.61
794,Bel,Mandrey,bmandreym1@mtv.com,Female,41.59.96.15
795,Nicolette,Yonge,nyongem2@linkedin.com,Female,157.33.158.235
796,Angelique,Cutforth,acutforthm3@google.it,Female,44.54.217.4
797,Edward,Cheyne,echeynem4@illinois.edu,Male,68.92.41.96
798,Hugo,Flay,hflaym5@guardian.co.uk,Male,214.63.89.53
799,Erin,McDuffie,emcduffiem6@loc.gov,Female,94.26.153.219
800,Emyle,Vasenkov,evasenkovm7@abc.net.au,Female,171.143.0.146
801,Rory,Larkkem,rlarkkemm8@whitehouse.gov,Female,176.175.183.135
802,Maudie,Ing,mingm9@google.co.uk,Female,1.241.160.102
803,Celestia,Sizzey,csizzeyma@jimdo.com,Female,227.32.121.29
804,Rory,Piccard,rpiccardmb@infoseek.co.jp,Male,86.113.243.186
805,Rorie,Adamik,radamikmc@twitpic.com,Female,88.104.173.62
806,Cathryn,Humburton,chumburtonmd@icq.com,Female,36.169.127.168
807,Walliw,Bullen,wbullenme@oaic.gov.au,Female,61.49.236.250
808,Magdalene,Haisell,mhaisellmf@hostgator.com,Female,31.1.106.218
809,Verna,Jzak,vjzakmg@about.com,Female,164.16.175.52
810,Zorah,Peschka,zpeschkamh@exblog.jp,Female,24.227.73.62
811,Meara,Backsal,mbacksalmi@theatlantic.com,Female,155.160.94.193
812,Merissa,Gallardo,mgallardomj@google.com.hk,Female,238.10.94.175
813,Car,Floodgate,cfloodgatemk@ovh.net,Male,81.246.74.203
814,Zolly,Beazleigh,zbeazleighml@vimeo.com,Male,21.64.180.1
815,Lyn,Mosley,lmosleymm@domainmarket.com,Female,250.148.36.13
816,Kori,Peverell,kpeverellmn@hhs.gov,Female,111.64.80.196
817,Flin,McMeekin,fmcmeekinmo@samsung.com,Non-binary,67.186.61.232
818,Silvano,Dupoy,sdupoymp@answers.com,Male,215.146.87.137
819,Llywellyn,Harcourt,lharcourtmq@oracle.com,Male,163.44.4.232
820,Asa,Mussard,amussardmr@slashdot.org,Male,208.104.255.5
821,Josefa,Cellier,jcellierms@cisco.com,Female,240.45.244.226
822,Keenan,Fattori,kfattorimt@addthis.com,Male,46.125.62.226
823,Gusta,Gouldstone,ggouldstonemu@hostgator.com,Female,129.169.123.127
824,Filia,McKeaveney,fmckeaveneymv@qq.com,Female,16.106.218.85
825,Carolina,Adams,cadamsmw@delicious.com,Female,193.213.4.119
826,Standford,Pottell,spottellmx@prweb.com,Male,224.16.78.34
827,Verena,Niessen,vniessenmy@hc360.com,Female,225.175.102.89
828,Tonia,Wycliffe,twycliffemz@sakura.ne.jp,Female,158.205.184.188
829,Base,Woodrooffe,bwoodrooffen0@de.vu,Male,216.221.246.36
830,Elvyn,Novello,enovellon1@wisc.edu,Male,97.89.83.193
831,Aggi,Petranek,apetranekn2@netscape.com,Female,150.8.8.153
832,Ann,Bedbury,abedburyn3@ucsd.edu,Female,159.46.232.232
833,Marysa,Davio,mdavion4@linkedin.com,Female,113.226.214.227
834,Blithe,Meah,bmeahn5@ca.gov,Genderqueer,198.197.59.67
835,Ortensia,Ryott,oryottn6@pen.io,Female,154.213.211.46
836,Reina,Blueman,rbluemann7@webmd.com,Female,38.39.11.187
837,Evangelia,Cohani,ecohanin8@liveinternet.ru,Female,145.54.223.87
838,Clea,Jacobi,cjacobin9@biblegateway.com,Female,158.7.67.15
839,Allan,Caville,acavillena@sfgate.com,Male,188.25.55.216
840,Noach,Yu,nyunb@nhs.uk,Male,53.231.30.127
841,Carey,Doles,cdolesnc@dailymail.co.uk,Male,46.71.86.111
842,Frederick,Parcall,fparcallnd@shareasale.com,Male,87.4.229.253
843,Agnola,Milborn,amilbornne@bandcamp.com,Female,183.92.158.210
844,Alysa,Crosfield,acrosfieldnf@baidu.com,Female,57.255.197.117
845,Gabi,Felkin,gfelkinng@blogs.com,Female,144.187.168.227
846,Adrian,Fend,afendnh@ycombinator.com,Male,241.102.167.188
847,Levy,Grinsted,lgrinstedni@salon.com,Male,28.178.47.227
848,Jeni,Ommundsen,jommundsennj@bluehost.com,Female,36.69.147.173
849,Lynnelle,Neale,lnealenk@bbc.co.uk,Female,76.108.99.112
850,Tait,Hartzog,thartzognl@economist.com,Male,252.112.226.102
851,Tully,Minero,tmineronm@posterous.com,Male,232.153.14.154
852,Seumas,Rief,sriefnn@desdev.cn,Male,203.15.54.183
853,Karlyn,Robertsson,krobertssonno@wordpress.com,Female,38.4.166.141
854,Hatti,Polkinghorne,hpolkinghornenp@xing.com,Female,167.180.107.199
855,Whittaker,Benedit,wbeneditnq@prweb.com,Male,67.56.157.214
856,Haslett,Barnwille,hbarnwillenr@sina.com.cn,Male,14.53.151.6
857,Orlando,Branton,obrantonns@pcworld.com,Male,27.187.232.166
858,Stormi,O'Sharkey,sosharkeynt@fema.gov,Female,68.4.132.109
859,Stanfield,Aylward,saylwardnu@nymag.com,Male,99.146.209.240
860,Evania,Pineaux,epineauxnv@google.ca,Female,165.252.149.75
861,Phillipp,Mallam,pmallamnw@usatoday.com,Male,200.197.166.161
862,Zebedee,Caisley,zcaisleynx@nationalgeographic.com,Male,174.183.99.215
863,Jackquelin,Kissell,jkissellny@vistaprint.com,Female,159.160.149.190
864,Philly,Caustic,pcausticnz@virginia.edu,Genderfluid,205.204.155.178
865,Sherri,Rosgen,srosgeno0@chronoengine.com,Female,158.179.35.198
866,Hadria,Carr,hcarro1@soup.io,Female,162.90.92.237
867,Kurt,Nashe,knasheo2@si.edu,Male,27.213.200.162
868,Erl,Moubray,emoubrayo3@sogou.com,Bigender,86.87.154.230
869,Pennie,Rathe,pratheo4@ucla.edu,Male,236.220.68.101
870,Aloisia,Quincee,aquinceeo5@imgur.com,Agender,126.62.183.30
871,Jaquith,Gillis,jgilliso6@seesaa.net,Female,145.146.13.249
872,Cele,Clausen,cclauseno7@seesaa.net,Female,216.205.22.3
873,Yule,Fendlow,yfendlowo8@disqus.com,Male,91.209.188.159
874,Jasun,Motton,jmottono9@unc.edu,Male,147.135.199.145
875,Thornie,Sirkett,tsirkettoa@cnn.com,Male,190.254.91.19
876,Roana,Morigan,rmoriganob@sfgate.com,Female,13.1.95.88
877,Hillard,Skill,hskilloc@narod.ru,Male,120.208.211.55
878,Grady,Codron,gcodronod@amazon.de,Non-binary,203.224.200.43
879,Fred,Jeste,fjesteoe@phpbb.com,Female,237.242.150.124
880,Radcliffe,Minihan,rminihanof@php.net,Male,25.139.97.4
881,Kelley,Ebanks,kebanksog@surveymonkey.com,Female,93.146.245.214
882,Tobye,Kobisch,tkobischoh@webeden.co.uk,Female,157.255.73.43
883,Katherine,Pulham,kpulhamoi@aboutads.info,Genderqueer,76.74.152.246
884,Arabele,Taaffe,ataaffeoj@yolasite.com,Female,199.141.202.161
885,Karon,Sallan,ksallanok@google.nl,Female,57.71.36.111
886,Demetra,Lindgren,dlindgrenol@rediff.com,Female,164.90.252.70
887,Bailie,Covotti,bcovottiom@washington.edu,Male,44.229.176.250
888,Sergent,Burborough,sburboroughon@live.com,Male,85.123.249.192
889,Patrice,Vigne,pvigneoo@blogs.com,Male,82.139.42.159
890,Sidonnie,Hackinge,shackingeop@whitehouse.gov,Female,73.53.47.25
891,Eben,Stanway,estanwayoq@springer.com,Male,193.32.17.72
892,Amabel,Abram,aabramor@eepurl.com,Female,41.239.40.197
893,Gracie,Laidlow,glaidlowos@youtube.com,Female,165.46.39.136
894,Lon,Harmond,lharmondot@t.co,Male,195.222.142.219
895,Farah,Dunnan,fdunnanou@illinois.edu,Female,66.156.126.158
896,Artemis,Lieber,alieberov@eepurl.com,Male,134.90.106.207
897,Jozef,Foxten,jfoxtenow@youtube.com,Male,83.81.44.143
898,Cecilio,Tythacott,ctythacottox@senate.gov,Male,175.194.44.182
899,Sandy,Weblin,sweblinoy@apple.com,Male,160.72.100.238
900,Rockie,Kuhlmey,rkuhlmeyoz@geocities.jp,Male,121.207.204.136
901,Griz,Guilliatt,gguilliattp0@tripod.com,Male,104.215.175.57
902,Kevin,Pimblott,kpimblottp1@utexas.edu,Male,3.104.105.212
903,Kaylyn,Manz,kmanzp2@ucla.edu,Female,216.245.245.179
904,Kristos,Coutts,kcouttsp3@creativecommons.org,Male,65.15.67.144
905,Shermie,Boylin,sboylinp4@google.de,Non-binary,109.12.26.103
906,Brandy,Redwall,bredwallp5@printfriendly.com,Male,24.121.162.45
907,Tommi,Skyram,tskyramp6@prlog.org,Female,246.8.85.22
908,Vick,Kleiser,vkleiserp7@blog.com,Polygender,239.163.109.76
909,Helli,Measham,hmeashamp8@cpanel.net,Female,229.143.80.221
910,Lorianne,Capstake,lcapstakep9@de.vu,Female,164.245.85.26
911,Tudor,Geffinger,tgeffingerpa@uol.com.br,Male,11.249.218.24
912,Torey,Pepall,tpepallpb@eventbrite.com,Male,156.93.54.159
913,Harper,Mithun,hmithunpc@technorati.com,Bigender,93.72.174.193
914,Hamlen,McCluskey,hmccluskeypd@archive.org,Male,160.44.94.107
915,Renata,Bristoe,rbristoepe@com.com,Female,102.74.127.142
916,Kassia,Ysson,kyssonpf@linkedin.com,Female,239.34.177.248
917,Rollie,Copins,rcopinspg@gov.uk,Non-binary,136.168.86.231
918,Claude,Clavering,cclaveringph@google.de,Female,180.143.48.20
919,Lonny,Abrahmer,labrahmerpi@yahoo.co.jp,Non-binary,111.127.73.194
920,Gardener,Polycote,gpolycotepj@themeforest.net,Male,146.70.56.64
921,Torrie,Gunstone,tgunstonepk@timesonline.co.uk,Female,165.156.120.7
922,Myrna,Ebdin,mebdinpl@businesswire.com,Female,59.69.94.192
923,Tulley,Pinel,tpinelpm@admin.ch,Male,233.202.156.46
924,Jamison,Fiddeman,jfiddemanpn@macromedia.com,Male,210.169.34.60
925,Barbara,Pennino,bpenninopo@wiley.com,Female,238.1.199.106
926,Nigel,Izkovici,nizkovicipp@oaic.gov.au,Male,181.32.242.19
927,Cameron,Kelsell,ckelsellpq@yale.edu,Male,83.179.5.210
928,Gregoor,Hamprecht,ghamprechtpr@cnn.com,Male,250.51.192.7
929,Atlanta,Misson,amissonps@phoca.cz,Female,109.167.60.214
930,Lesli,Kornyshev,lkornyshevpt@apache.org,Female,2.215.67.71
931,Carmella,Leveridge,cleveridgepu@mit.edu,Female,22.186.54.5
932,Janna,Vero,jveropv@tamu.edu,Female,69.160.139.139
933,Ileana,Wardroper,iwardroperpw@answers.com,Female,243.86.78.68
934,Hobey,Lanphier,hlanphierpx@sina.com.cn,Male,85.127.91.167
935,Alikee,Pringell,apringellpy@reuters.com,Female,235.174.141.197
936,Carver,Rimour,crimourpz@princeton.edu,Male,65.26.230.50
937,Sanders,Vye,svyeq0@over-blog.com,Bigender,32.5.72.42
938,Andris,Sallan,asallanq1@nba.com,Male,187.236.138.7
939,Fabio,Traves,ftravesq2@about.me,Male,92.29.153.60
940,Nerty,Phinnessy,nphinnessyq3@princeton.edu,Female,169.116.92.4
941,Maury,Berends,mberendsq4@prweb.com,Male,14.117.82.97
942,Ignazio,Laurenceau,ilaurenceauq5@hp.com,Male,113.227.111.246
943,King,Gutch,kgutchq6@yandex.ru,Male,247.207.63.43
944,Rica,Curragh,rcurraghq7@themeforest.net,Female,110.10.192.87
945,Kristel,Noury,knouryq8@youtube.com,Female,10.98.94.186
946,Godard,Pyvis,gpyvisq9@cornell.edu,Male,140.235.244.169
947,Hillyer,Treneer,htreneerqa@java.com,Male,52.22.138.135
948,Shandie,Collingridge,scollingridgeqb@quantcast.com,Female,172.198.0.96
949,Gabriela,Elgy,gelgyqc@gravatar.com,Female,147.215.0.93
950,Melisent,O'Neal,monealqd@topsy.com,Female,78.17.219.233
951,Felicity,Halewood,fhalewoodqe@ow.ly,Genderfluid,211.226.146.229
952,Emelina,Eunson,eeunsonqf@usa.gov,Female,176.112.116.19
953,Wainwright,Benns,wbennsqg@istockphoto.com,Agender,96.97.227.54
954,Dionne,Gosnay,dgosnayqh@bandcamp.com,Non-binary,59.112.247.15
955,Carita,Southan,csouthanqi@dagondesign.com,Female,41.203.141.116
956,Ted,Morot,tmorotqj@naver.com,Male,8.64.180.94
957,Bram,Souter,bsouterqk@state.tx.us,Male,108.58.78.134
958,Basilio,Lawrinson,blawrinsonql@istockphoto.com,Male,62.58.52.11
959,Guinevere,Kemmey,gkemmeyqm@chron.com,Female,251.33.12.128
960,Merrill,Myhill,mmyhillqn@exblog.jp,Agender,60.208.7.212
961,Zonnya,Trevethan,ztrevethanqo@baidu.com,Female,232.105.121.213
962,Brod,Kelwaybamber,bkelwaybamberqp@guardian.co.uk,Male,125.6.136.89
963,Ronald,Burchell,rburchellqq@behance.net,Genderfluid,118.235.191.30
964,Kaia,Monkton,kmonktonqr@noaa.gov,Female,55.118.217.241
965,Ernesta,Davoren,edavorenqs@marketwatch.com,Female,31.206.169.135
966,Kathryn,Trodd,ktroddqt@statcounter.com,Female,185.180.18.19
967,Tomasine,Pitchers,tpitchersqu@java.com,Female,57.248.46.8
968,Sig,Shorto,sshortoqv@dropbox.com,Male,133.12.121.213
969,Yvor,Karim,ykarimqw@wsj.com,Male,24.235.59.34
970,Ermengarde,Arkil,earkilqx@yellowbook.com,Female,76.109.76.152
971,Galvan,Thirst,gthirstqy@opera.com,Male,9.198.13.198
972,Eunice,Finnick,efinnickqz@xing.com,Female,113.169.155.139
973,Griselda,Lemm,glemmr0@techcrunch.com,Female,245.145.197.7
974,Vittoria,Searston,vsearstonr1@booking.com,Female,47.17.87.105
975,Torin,Lynn,tlynnr2@unblog.fr,Male,54.199.4.214
976,Janith,Brock,jbrockr3@prlog.org,Polygender,135.200.250.235
977,Griffie,Handmore,ghandmorer4@t.co,Male,165.133.69.51
978,Christiano,Holdworth,choldworthr5@linkedin.com,Male,221.66.7.119
979,Smith,Skurm,sskurmr6@odnoklassniki.ru,Male,87.199.26.238
980,Mariel,Bunton,mbuntonr7@theatlantic.com,Female,26.110.238.137
981,Gerhardt,Laux,glauxr8@jimdo.com,Male,115.210.93.245
982,Sophronia,McRinn,smcrinnr9@creativecommons.org,Female,116.239.65.154
983,Kira,Gabbotts,kgabbottsra@nymag.com,Genderfluid,2.105.224.50
984,Jacquetta,Dagwell,jdagwellrb@blog.com,Female,251.151.158.120
985,Bryce,Grene,bgrenerc@go.com,Male,252.198.215.96
986,Abbie,Lower,alowerrd@latimes.com,Female,6.94.186.252
987,Lissy,Myford,lmyfordre@cbslocal.com,Female,129.155.75.150
988,Antonia,De Michetti,ademichettirf@netvibes.com,Bigender,91.101.1.172
989,Pierson,Ridd,priddrg@spiegel.de,Male,108.98.7.97
990,Jacquelin,Billyeald,jbillyealdrh@engadget.com,Female,184.159.237.116
991,Ruperto,Burmaster,rburmasterri@intel.com,Male,91.75.116.130
992,Brodie,Skittreal,bskittrealrj@goo.gl,Male,109.172.186.228
993,Toinette,Phillpot,tphillpotrk@slideshare.net,Female,73.28.207.5
994,Bartolemo,Grisedale,bgrisedalerl@yahoo.com,Male,2.195.180.193
995,Lebbie,Sommerscales,lsommerscalesrm@weebly.com,Female,19.133.83.131
996,Eugine,Glyne,eglynern@salon.com,Female,75.161.242.180
997,Prentiss,Jinks,pjinksro@earthlink.net,Male,244.149.118.114
998,Deerdre,Enstone,denstonerp@hhs.gov,Female,243.55.225.132
999,Rozina,Gerold,rgeroldrq@nps.gov,Female,158.30.209.121
1000,Letizia,Bricklebank,lbricklebankrr@g.co,Polygender,113.36.116.146
